"","Artikel","name","Bruttobetrag","Nettobetrag","Verkaufte.Stücke","Gewicht.verkauft","Durchschnittlicher.Preis","Rabattierter.Betrag","Durchschnittlicher.Rabatt","Referenzbetrag","Ref..","Tot..Umsatz","source","year"
"1","A10001","Favorite","1,009.00","1,009.00",125,NA,8.07,0,0,"1,009.00",100,60.79,"01.09.csv",2016
"2","A10002","Green","280.00","280.00",34,NA,8.24,0,0,"280.00",100,16.87,"01.09.csv",2016
"3","A10006","Menu Salat","8.00","8.00",4,NA,2,0,0,"8.00",100,0.48,"01.09.csv",2016
"4","A10008","Gemüseportion","1.50","1.50",1,NA,1.5,0,0,"1.50",100,0.09,"01.09.csv",2016
"5","A10040","Garden","308.20","308.20",36,13.304,23.17,0,0,"308.20",100,18.57,"01.09.csv",2016
"6","A10063","Frucht 1.00","1.00","1.00",1,NA,1,0,0,"1.00",100,0.06,"01.09.csv",2016
"7","A10114","Fitnessbrötli ","1.70","1.70",1,NA,1.7,0,0,"1.70",100,0.1,"01.09.csv",2016
"8","A10144","Trockengebäck 100g verpackt","2.20","2.20",1,NA,2.2,0,0,"2.20",100,0.13,"01.09.csv",2016
"9","A10200","Birchermüesli Classic","3.20","3.20",1,NA,3.2,0,0,"3.20",100,0.19,"01.09.csv",2016
"10","A10409","Sandwich Appenzell","5.50","5.50",1,NA,5.5,0,0,"5.50",100,0.33,"01.09.csv",2016
"11","A10410","Sandwich Milano","12.50","12.50",3,NA,4.17,0,0,"12.50",100,0.75,"01.09.csv",2016
"12","A10435","FB Sandwich Emmental","22.00","22.00",4,NA,5.5,0,0,"22.00",100,1.33,"01.09.csv",2016
"13","A10451","Sandwich Bauette","5.00","5.00",1,NA,5,0,0,"5.00",100,0.3,"01.09.csv",2016
"14","Total Gruppe","","1,659.80","1,659.80",213,13.304,7.79,0,0,"1,659.80",NA,100,"01.09.csv",2016
"15","A10001","Favorite","656.00","656.00",78,NA,8.41,0,0,"656.00",100,59.45,"02.09.csv",2016
"16","A10002","Green","202.00","202.00",25,NA,8.08,0,0,"202.00",100,18.31,"02.09.csv",2016
"17","A10007","Senf Mayo Ketschup","0.50","0.50",1,NA,0.5,0,0,"0.50",100,0.05,"02.09.csv",2016
"18","A10040","Garden","232.30","232.30",29,10.064,23.08,0,0,"232.30",100,21.05,"02.09.csv",2016
"19","A10200","Birchermüesli Classic","3.20","3.20",1,NA,3.2,0,0,"3.20",100,0.29,"02.09.csv",2016
"20","A10410","Sandwich Milano","4.00","4.00",1,NA,4,0,0,"4.00",100,0.36,"02.09.csv",2016
"21","A10435","FB Sandwich Emmental","5.50","5.50",1,NA,5.5,0,0,"5.50",100,0.5,"02.09.csv",2016
"22","Total Gruppe","","1,103.50","1,103.50",136,10.064,8.11,0,0,"1,103.50",NA,100,"02.09.csv",2016
"23","A10000","Küche","4.00","4.00",1,NA,4,0,0,"4.00",100,0.34,"05.09.csv",2016
"24","A10001","Favorite","680.00","680.00",84,NA,8.1,0,0,"680.00",100,58.58,"05.09.csv",2016
"25","A10002","Green","250.00","250.00",31,NA,8.06,0,0,"250.00",100,21.54,"05.09.csv",2016
"26","A10004","Brot Stück","0.90","0.90",3,NA,0.3,0,0,"0.90",100,0.08,"05.09.csv",2016
"27","A10006","Menu Salat","25.50","25.50",15,NA,1.7,0,0,"25.50",100,2.2,"05.09.csv",2016
"28","A10007","Senf Mayo Ketschup","1.50","1.50",3,NA,0.5,0,0,"1.50",100,0.13,"05.09.csv",2016
"29","A10008","Gemüseportion","1.50","1.50",1,NA,1.5,0,0,"1.50",100,0.13,"05.09.csv",2016
"30","A10040","Garden","180.00","180.00",20,7.79,23.11,0,0,"180.00",100,15.51,"05.09.csv",2016
"31","A10063","Frucht 1.00","1.00","1.00",1,NA,1,0,0,"1.00",100,0.09,"05.09.csv",2016
"32","A10101","Ragusa-Gipfel ","2.40","2.40",1,NA,2.4,0,0,"2.40",100,0.21,"05.09.csv",2016
"33","A10410","Sandwich Milano","4.00","4.00",1,NA,4,0,0,"4.00",100,0.34,"05.09.csv",2016
"34","A10451","Sandwich Bauette","10.00","10.00",2,NA,5,0,0,"10.00",100,0.86,"05.09.csv",2016
"35","Total Gruppe","","1,160.80","1,160.80",163,7.79,7.12,0,0,"1,160.80",NA,100,"05.09.csv",2016
"36","A10000","Küche","13.30","13.30",1,NA,13.3,0,0,"13.30",100,0.94,"06.09.csv",2016
"37","A10001","Favorite","584.00","584.00",71,NA,8.23,0,0,"584.00",100,41.47,"06.09.csv",2016
"38","A10002","Green","574.00","574.00",70,NA,8.2,0,0,"574.00",100,40.76,"06.09.csv",2016
"39","A10004","Brot Stück","0.30","0.30",1,NA,0.3,0,0,"0.30",100,0.02,"06.09.csv",2016
"40","A10006","Menu Salat","13.50","13.50",9,NA,1.5,0,0,"13.50",100,0.96,"06.09.csv",2016
"41","A10007","Senf Mayo Ketschup","0.50","0.50",1,NA,0.5,0,0,"0.50",100,0.04,"06.09.csv",2016
"42","A10040","Garden","194.20","194.20",23,8.414,23.08,0,0,"194.20",100,13.79,"06.09.csv",2016
"43","A10063","Frucht 1.00","1.00","1.00",1,NA,1,0,0,"1.00",100,0.07,"06.09.csv",2016
"44","A10101","Ragusa-Gipfel ","2.40","2.40",1,NA,2.4,0,0,"2.40",100,0.17,"06.09.csv",2016
"45","A10103","Vanille-Gipfel","2.90","2.90",1,NA,2.9,0,0,"2.90",100,0.21,"06.09.csv",2016
"46","A10120","Mandelbrezel ","2.40","2.40",1,NA,2.4,0,0,"2.40",100,0.17,"06.09.csv",2016
"47","A10122","Nussbrille","2.40","2.40",1,NA,2.4,0,0,"2.40",100,0.17,"06.09.csv",2016
"48","A10130","Vanillekreuz","2.40","2.40",1,NA,2.4,0,0,"2.40",100,0.17,"06.09.csv",2016
"49","A10451","Sandwich Bauette","15.00","15.00",3,NA,5,0,0,"15.00",100,1.07,"06.09.csv",2016
"50","Total Gruppe","","1,408.30","1,408.30",185,8.414,7.61,0,0,"1,408.30",NA,100,"06.09.csv",2016
"51","A10000","Küche","41.90","41.90",7,NA,5.99,0,0,"41.90",100,1.72,"07.09.csv",2016
"52","A10001","Favorite","1,115.00","1,115.00",109,NA,10.23,0,0,"1,115.00",100,45.87,"07.09.csv",2016
"53","A10002","Green","383.00","383.00",43,NA,8.91,0,0,"383.00",100,15.76,"07.09.csv",2016
"54","A10004","Brot Stück","0.30","0.30",1,NA,0.3,0,0,"0.30",100,0.01,"07.09.csv",2016
"55","A10006","Menu Salat","4.50","4.50",3,NA,1.5,0,0,"4.50",100,0.19,"07.09.csv",2016
"56","A10014","Kitchen 4","162.00","162.00",12,NA,13.5,0,0,"162.00",100,6.66,"07.09.csv",2016
"57","A10040","Garden","361.40","361.40",40,15.498,23.32,0,0,"361.40",100,14.87,"07.09.csv",2016
"58","A10063","Frucht 1.00","1.00","1.00",1,NA,1,0,0,"1.00",100,0.04,"07.09.csv",2016
"59","A10120","Mandelbrezel ","92.80","92.80",32,NA,2.9,0,0,"92.80",100,3.82,"07.09.csv",2016
"60","A10410","Sandwich Milano","4.00","4.00",1,NA,4,0,0,"4.00",100,0.16,"07.09.csv",2016
"61","A10451","Sandwich Bauette","10.00","10.00",2,NA,5,0,0,"10.00",100,0.41,"07.09.csv",2016
"62","L12100","Kafi Pause","255.00","255.00",34,NA,7.5,0,0,"255.00",100,10.49,"07.09.csv",2016
"63","Total Gruppe","","2,430.90","2,430.90",285,15.498,8.53,0,0,"2,430.90",NA,100,"07.09.csv",2016
"64","A10000","Küche","28.50","28.50",6,NA,4.75,0,0,"28.50",100,2.38,"08.09.csv",2016
"65","A10001","Favorite","454.00","454.00",55,NA,8.25,0,0,"454.00",100,37.89,"08.09.csv",2016
"66","A10002","Green","343.00","343.00",42,NA,8.17,0,0,"343.00",100,28.63,"08.09.csv",2016
"67","A10006","Menu Salat","5.50","5.50",3,NA,1.83,0,0,"5.50",100,0.46,"08.09.csv",2016
"68","A10014","Kitchen 4","130.00","130.00",10,NA,13,0,0,"130.00",100,10.85,"08.09.csv",2016
"69","A10040","Garden","199.90","199.90",25,8.632,23.16,0,0,"199.90",100,16.68,"08.09.csv",2016
"70","A10200","Birchermüesli Classic","12.80","12.80",4,NA,3.2,0,0,"12.80",100,1.07,"08.09.csv",2016
"71","A10411","Sandwich Power Ham","8.00","8.00",2,NA,4,0,0,"8.00",100,0.67,"08.09.csv",2016
"72","A10435","FB Sandwich Emmental","16.50","16.50",3,NA,5.5,0,0,"16.50",100,1.38,"08.09.csv",2016
"73","Total Gruppe","","1,198.20","1,198.20",150,8.632,7.99,0,0,"1,198.20",NA,100,"08.09.csv",2016
"74","A10000","Küche","14.50","14.50",3,NA,4.83,0,0,"14.50",100,1.38,"09.09.csv",2016
"75","A10001","Favorite","452.00","452.00",55,NA,8.22,0,0,"452.00",100,43.15,"09.09.csv",2016
"76","A10002","Green","204.00","204.00",25,NA,8.16,0,0,"204.00",100,19.48,"09.09.csv",2016
"77","A10006","Menu Salat","6.00","6.00",4,NA,1.5,0,0,"6.00",100,0.57,"09.09.csv",2016
"78","A10014","Kitchen 4","181.00","181.00",14,NA,12.93,0,0,"181.00",100,17.28,"09.09.csv",2016
"79","A10040","Garden","162.60","162.60",20,7.024,23.15,0,0,"162.60",100,15.52,"09.09.csv",2016
"80","A10063","Frucht 1.00","1.00","1.00",1,NA,1,0,0,"1.00",100,0.1,"09.09.csv",2016
"81","A10100","Gipfel","1.30","1.30",1,NA,1.3,0,0,"1.30",100,0.12,"09.09.csv",2016
"82","A10101","Ragusa-Gipfel ","2.40","2.40",1,NA,2.4,0,0,"2.40",100,0.23,"09.09.csv",2016
"83","A10200","Birchermüesli Classic","9.60","9.60",3,NA,3.2,0,0,"9.60",100,0.92,"09.09.csv",2016
"84","A10410","Sandwich Milano","4.00","4.00",1,NA,4,0,0,"4.00",100,0.38,"09.09.csv",2016
"85","A10411","Sandwich Power Ham","4.00","4.00",1,NA,4,0,0,"4.00",100,0.38,"09.09.csv",2016
"86","A10451","Sandwich Bauette","5.00","5.00",1,NA,5,0,0,"5.00",100,0.48,"09.09.csv",2016
"87","Total Gruppe","","1,047.40","1,047.40",130,7.024,8.06,0,0,"1,047.40",NA,100,"09.09.csv",2016
"88","A10000","Küche","3,097.00","3,097.00",315,NA,9.83,0,0,"3,097.00",100,50.13,"12.09.csv",2016
"89","A10001","Favorite","886.00","886.00",114,NA,7.77,0,0,"886.00",100,14.34,"12.09.csv",2016
"90","A10002","Green","754.00","754.00",102,NA,7.39,0,0,"754.00",100,12.21,"12.09.csv",2016
"91","A10006","Menu Salat","7.50","7.50",5,NA,1.5,0,0,"7.50",100,0.12,"12.09.csv",2016
"92","A10014","Kitchen 4","164.00","164.00",13,NA,12.62,0,0,"164.00",100,2.65,"12.09.csv",2016
"93","A10040","Garden","458.60","458.60",57,19.732,23.24,0,0,"458.60",100,7.42,"12.09.csv",2016
"94","A10063","Frucht 1.00","8.00","8.00",8,NA,1,0,0,"8.00",100,0.13,"12.09.csv",2016
"95","A10072","Schichtjoghurt","3.50","3.50",1,NA,3.5,0,0,"3.50",100,0.06,"12.09.csv",2016
"96","A10073","Saisonfrüchte geschnitten","3.50","3.50",1,NA,3.5,0,0,"3.50",100,0.06,"12.09.csv",2016
"97","A10130","Vanillekreuz","2.40","2.40",1,NA,2.4,0,0,"2.40",100,0.04,"12.09.csv",2016
"98","A10200","Birchermüesli Classic","6.90","6.90",2,NA,3.45,0,0,"6.90",100,0.11,"12.09.csv",2016
"99","A10409","Sandwich Appenzell","11.50","11.50",2,NA,5.75,0,0,"11.50",100,0.19,"12.09.csv",2016
"100","A10410","Sandwich Milano","4.00","4.00",1,NA,4,0,0,"4.00",100,0.06,"12.09.csv",2016
"101","A10430","Bagel Sandwich Fisherman's Catch","5.50","5.50",1,NA,5.5,0,0,"5.50",100,0.09,"12.09.csv",2016
"102","L12100","Kafi Pause","345.00","345.00",46,NA,7.5,0,0,"345.00",100,5.58,"12.09.csv",2016
"103","L12101","Znüni-Komplett","420.00","420.00",35,NA,12,0,0,"420.00",100,6.8,"12.09.csv",2016
"104","Total Gruppe","","6,177.40","6,177.40",704,19.732,8.77,0,0,"6,177.40",NA,100,"12.09.csv",2016
"105","A10000","Küche","20.30","20.30",2,NA,10.15,0,0,"20.30",100,0.88,"13.09.csv",2016
"106","A10001","Favorite","993.00","993.00",130,NA,7.64,0,0,"993.00",100,42.84,"13.09.csv",2016
"107","A10002","Green","540.00","540.00",72,NA,7.5,0,0,"540.00",100,23.3,"13.09.csv",2016
"108","A10006","Menu Salat","16.50","16.50",11,NA,1.5,0,0,"16.50",100,0.71,"13.09.csv",2016
"109","A10014","Kitchen 4","191.00","191.00",15,NA,12.73,0,0,"191.00",100,8.24,"13.09.csv",2016
"110","A10040","Garden","461.80","461.80",54,19.762,23.37,0,0,"461.80",100,19.92,"13.09.csv",2016
"111","A10063","Frucht 1.00","5.00","5.00",5,NA,1,0,0,"5.00",100,0.22,"13.09.csv",2016
"112","A10072","Schichtjoghurt","3.00","3.00",1,NA,3,0,0,"3.00",100,0.13,"13.09.csv",2016
"113","A10073","Saisonfrüchte geschnitten","3.50","3.50",1,NA,3.5,0,0,"3.50",100,0.15,"13.09.csv",2016
"114","A10101","Ragusa-Gipfel ","2.40","2.40",1,NA,2.4,0,0,"2.40",100,0.1,"13.09.csv",2016
"115","A10114","Fitnessbrötli ","1.70","1.70",1,NA,1.7,0,0,"1.70",100,0.07,"13.09.csv",2016
"116","A10127","Aprikosenplunder","2.40","2.40",1,NA,2.4,0,0,"2.40",100,0.1,"13.09.csv",2016
"117","A10135","Wähe","15.60","15.60",4,NA,3.9,0,0,"15.60",100,0.67,"13.09.csv",2016
"118","A10148","Fruchttörtli","4.80","4.80",2,NA,2.4,0,0,"4.80",100,0.21,"13.09.csv",2016
"119","A10200","Birchermüesli Classic","16.50","16.50",5,NA,3.3,0,0,"16.50",100,0.71,"13.09.csv",2016
"120","A10409","Sandwich Appenzell","11.00","11.00",2,NA,5.5,0,0,"11.00",100,0.47,"13.09.csv",2016
"121","A10410","Sandwich Milano","4.00","4.00",1,NA,4,0,0,"4.00",100,0.17,"13.09.csv",2016
"122","A10411","Sandwich Power Ham","4.00","4.00",1,NA,4,0,0,"4.00",100,0.17,"13.09.csv",2016
"123","A10413","Sandwich Start Your Day","4.50","4.50",1,NA,4.5,0,0,"4.50",100,0.19,"13.09.csv",2016
"124","A10415","Sandwich Turkey","5.50","5.50",1,NA,5.5,0,0,"5.50",100,0.24,"13.09.csv",2016
"125","A10416","Sandwich Ticinese","6.00","6.00",1,NA,6,0,0,"6.00",100,0.26,"13.09.csv",2016
"126","A10435","FB Sandwich Emmental","5.50","5.50",1,NA,5.5,0,0,"5.50",100,0.24,"13.09.csv",2016
"127","Total Gruppe","","2,318.00","2,318.00",313,19.762,7.41,0,0,"2,318.00",NA,100,"13.09.csv",2016
"128","A10000","Küche","15.30","15.30",3,NA,5.1,0,0,"15.30",100,0.61,"14.09.csv",2016
"129","A10001","Favorite","1,086.00","1,086.00",142,NA,7.65,0,0,"1,086.00",100,43.15,"14.09.csv",2016
"130","A10002","Green","437.00","437.00",58,NA,7.53,0,0,"437.00",100,17.36,"14.09.csv",2016
"131","A10006","Menu Salat","18.00","18.00",12,NA,1.5,0,0,"18.00",100,0.72,"14.09.csv",2016
"132","A10013","Kitchen 3","12.00","12.00",1,NA,12,0,0,"12.00",100,0.48,"14.09.csv",2016
"133","A10014","Kitchen 4","318.00","318.00",21,NA,15.14,0,0,"318.00",100,12.63,"14.09.csv",2016
"134","A10040","Garden","534.10","534.10",66,22.94,23.28,0,0,"534.10",100,21.22,"14.09.csv",2016
"135","A10063","Frucht 1.00","4.00","4.00",4,NA,1,0,0,"4.00",100,0.16,"14.09.csv",2016
"136","A10072","Schichtjoghurt","6.00","6.00",2,NA,3,0,0,"6.00",100,0.24,"14.09.csv",2016
"137","A10073","Saisonfrüchte geschnitten","10.50","10.50",3,NA,3.5,0,0,"10.50",100,0.42,"14.09.csv",2016
"138","A10103","Vanille-Gipfel","2.40","2.40",1,NA,2.4,0,0,"2.40",100,0.1,"14.09.csv",2016
"139","A10135","Wähe","12.20","12.20",3,NA,4.07,0,0,"12.20",100,0.48,"14.09.csv",2016
"140","A10139","Zitronencake-Schnitte 100g verpackt","2.40","2.40",1,NA,2.4,0,0,"2.40",100,0.1,"14.09.csv",2016
"141","A10148","Fruchttörtli","7.20","7.20",3,NA,2.4,0,0,"7.20",100,0.29,"14.09.csv",2016
"142","A10200","Birchermüesli Classic","6.40","6.40",2,NA,3.2,0,0,"6.40",100,0.25,"14.09.csv",2016
"143","A10410","Sandwich Milano","4.00","4.00",1,NA,4,0,0,"4.00",100,0.16,"14.09.csv",2016
"144","A10411","Sandwich Power Ham","8.00","8.00",2,NA,4,0,0,"8.00",100,0.32,"14.09.csv",2016
"145","A10415","Sandwich Turkey","5.50","5.50",1,NA,5.5,0,0,"5.50",100,0.22,"14.09.csv",2016
"146","A10416","Sandwich Ticinese","12.50","12.50",2,NA,6.25,0,0,"12.50",100,0.5,"14.09.csv",2016
"147","A10435","FB Sandwich Emmental","5.50","5.50",1,NA,5.5,0,0,"5.50",100,0.22,"14.09.csv",2016
"148","A10451","Sandwich Bauette","10.00","10.00",2,NA,5,0,0,"10.00",100,0.4,"14.09.csv",2016
"149","Total Gruppe","","2,517.00","2,517.00",331,22.94,7.6,0,0,"2,517.00",NA,100,"14.09.csv",2016
"150","A10000","Küche","39.50","39.50",23,NA,1.72,0,0,"39.50",100,1.54,"15.09.csv",2016
"151","A10001","Favorite","1,261.00","1,261.00",156,NA,8.08,0,0,"1,261.00",100,49.13,"15.09.csv",2016
"152","A10002","Green","520.00","520.00",62,NA,8.39,0,0,"520.00",100,20.26,"15.09.csv",2016
"153","A10004","Brot Stück","1.20","1.20",4,NA,0.3,0,0,"1.20",100,0.05,"15.09.csv",2016
"154","A10006","Menu Salat","19.00","19.00",12,NA,1.58,0,0,"19.00",100,0.74,"15.09.csv",2016
"155","A10014","Kitchen 4","171.00","171.00",11,NA,15.55,0,0,"171.00",100,6.66,"15.09.csv",2016
"156","A10040","Garden","318.90","318.90",41,13.814,23.09,0,0,"318.90",100,12.43,"15.09.csv",2016
"157","A10060","Frucht -.70","0.70","0.70",1,NA,0.7,0,0,"0.70",100,0.03,"15.09.csv",2016
"158","A10063","Frucht 1.00","9.00","9.00",9,NA,1,0,0,"9.00",100,0.35,"15.09.csv",2016
"159","A10073","Saisonfrüchte geschnitten","3.50","3.50",1,NA,3.5,0,0,"3.50",100,0.14,"15.09.csv",2016
"160","A10100","Gipfel","90.00","90.00",60,NA,1.5,0,0,"90.00",100,3.51,"15.09.csv",2016
"161","A10108","Laugenbrezel mit Butter","4.40","4.40",2,NA,2.2,0,0,"4.40",100,0.17,"15.09.csv",2016
"162","A10120","Mandelbrezel ","58.00","58.00",20,NA,2.9,0,0,"58.00",100,2.26,"15.09.csv",2016
"163","A10128","Aprikosenjalousie","2.40","2.40",1,NA,2.4,0,0,"2.40",100,0.09,"15.09.csv",2016
"164","A10135","Wähe","3.90","3.90",1,NA,3.9,0,0,"3.90",100,0.15,"15.09.csv",2016
"165","A10200","Birchermüesli Classic","6.90","6.90",2,NA,3.45,0,0,"6.90",100,0.27,"15.09.csv",2016
"166","A10409","Sandwich Appenzell","5.50","5.50",1,NA,5.5,0,0,"5.50",100,0.21,"15.09.csv",2016
"167","A10415","Sandwich Turkey","5.50","5.50",1,NA,5.5,0,0,"5.50",100,0.21,"15.09.csv",2016
"168","A10416","Sandwich Ticinese","6.00","6.00",1,NA,6,0,0,"6.00",100,0.23,"15.09.csv",2016
"169","A10417","Sandwich Softie","4.00","4.00",1,NA,4,0,0,"4.00",100,0.16,"15.09.csv",2016
"170","A10451","Sandwich Bauette","5.00","5.00",1,NA,5,0,0,"5.00",100,0.19,"15.09.csv",2016
"171","L12160","Zweifel Chips Nature","18.00","18.00",2,NA,9,0,0,"18.00",100,0.7,"15.09.csv",2016
"172","L12162","Erdnüsse","7.00","7.00",1,NA,7,0,0,"7.00",100,0.27,"15.09.csv",2016
"173","L12163","Blätterteigstangen","6.00","6.00",1,NA,6,0,0,"6.00",100,0.23,"15.09.csv",2016
"174","Total Gruppe","","2,566.40","2,566.40",415,13.814,6.18,0,0,"2,566.40",NA,100,"15.09.csv",2016
"175","A10000","Küche","7.00","7.00",2,NA,3.5,0,0,"7.00",100,0.54,"16.09.csv",2016
"176","A10001","Favorite","670.00","670.00",82,NA,8.17,0,0,"670.00",100,51.39,"16.09.csv",2016
"177","A10002","Green","289.00","289.00",34,NA,8.5,0,0,"289.00",100,22.17,"16.09.csv",2016
"178","A10004","Brot Stück","0.60","0.60",2,NA,0.3,0,0,"0.60",100,0.05,"16.09.csv",2016
"179","A10006","Menu Salat","3.00","3.00",2,NA,1.5,0,0,"3.00",100,0.23,"16.09.csv",2016
"180","A10014","Kitchen 4","184.00","184.00",14,NA,13.14,0,0,"184.00",100,14.11,"16.09.csv",2016
"181","A10040","Garden","120.50","120.50",14,5.078,23.73,0,0,"120.50",100,9.24,"16.09.csv",2016
"182","A10063","Frucht 1.00","1.00","1.00",1,NA,1,0,0,"1.00",100,0.08,"16.09.csv",2016
"183","A10073","Saisonfrüchte geschnitten","4.00","4.00",1,NA,4,0,0,"4.00",100,0.31,"16.09.csv",2016
"184","A10139","Zitronencake-Schnitte 100g verpackt","2.40","2.40",1,NA,2.4,0,0,"2.40",100,0.18,"16.09.csv",2016
"185","A10200","Birchermüesli Classic","3.20","3.20",1,NA,3.2,0,0,"3.20",100,0.25,"16.09.csv",2016
"186","A10409","Sandwich Appenzell","5.50","5.50",1,NA,5.5,0,0,"5.50",100,0.42,"16.09.csv",2016
"187","A10410","Sandwich Milano","4.00","4.00",1,NA,4,0,0,"4.00",100,0.31,"16.09.csv",2016
"188","A10435","FB Sandwich Emmental","5.50","5.50",1,NA,5.5,0,0,"5.50",100,0.42,"16.09.csv",2016
"189","A10450","Sandwich Laugenkaiser","4.00","4.00",1,NA,4,0,0,"4.00",100,0.31,"16.09.csv",2016
"190","Total Gruppe","","1,303.70","1,303.70",158,5.078,8.25,0,0,"1,303.70",NA,100,"16.09.csv",2016
"191","A10000","Küche","8.70","8.70",1,NA,8.7,0,0,"8.70",100,0.43,"19.09.csv",2016
"192","A10001","Favorite","798.00","798.00",103,NA,7.75,0,0,"798.00",100,39.19,"19.09.csv",2016
"193","A10002","Green","580.00","580.00",77,NA,7.53,0,0,"580.00",100,28.48,"19.09.csv",2016
"194","A10004","Brot Stück","0.60","0.60",2,NA,0.3,0,0,"0.60",100,0.03,"19.09.csv",2016
"195","A10006","Menu Salat","22.50","22.50",15,NA,1.5,0,0,"22.50",100,1.1,"19.09.csv",2016
"196","A10014","Kitchen 4","297.00","297.00",23,NA,12.91,0,0,"297.00",100,14.58,"19.09.csv",2016
"197","A10040","Garden","241.20","241.20",30,10.446,23.09,0,0,"241.20",100,11.84,"19.09.csv",2016
"198","A10063","Frucht 1.00","5.00","5.00",5,NA,1,0,0,"5.00",100,0.25,"19.09.csv",2016
"199","A10072","Schichtjoghurt","3.00","3.00",1,NA,3,0,0,"3.00",100,0.15,"19.09.csv",2016
"200","A10103","Vanille-Gipfel","4.80","4.80",2,NA,2.4,0,0,"4.80",100,0.24,"19.09.csv",2016
"201","A10108","Laugenbrezel mit Butter","2.20","2.20",1,NA,2.2,0,0,"2.20",100,0.11,"19.09.csv",2016
"202","A10122","Nussbrille","2.40","2.40",1,NA,2.4,0,0,"2.40",100,0.12,"19.09.csv",2016
"203","A10130","Vanillekreuz","2.40","2.40",1,NA,2.4,0,0,"2.40",100,0.12,"19.09.csv",2016
"204","A10135","Wähe","4.50","4.50",1,NA,4.5,0,0,"4.50",100,0.22,"19.09.csv",2016
"205","A10139","Zitronencake-Schnitte 100g verpackt","7.20","7.20",3,NA,2.4,0,0,"7.20",100,0.35,"19.09.csv",2016
"206","A10144","Trockengebäck 100g verpackt","2.20","2.20",1,NA,2.2,0,0,"2.20",100,0.11,"19.09.csv",2016
"207","A10200","Birchermüesli Classic","3.20","3.20",1,NA,3.2,0,0,"3.20",100,0.16,"19.09.csv",2016
"208","A10410","Sandwich Milano","8.00","8.00",2,NA,4,0,0,"8.00",100,0.39,"19.09.csv",2016
"209","A10413","Sandwich Start Your Day","4.50","4.50",1,NA,4.5,0,0,"4.50",100,0.22,"19.09.csv",2016
"210","A10415","Sandwich Turkey","5.50","5.50",1,NA,5.5,0,0,"5.50",100,0.27,"19.09.csv",2016
"211","A10416","Sandwich Ticinese","12.00","12.00",2,NA,6,0,0,"12.00",100,0.59,"19.09.csv",2016
"212","A10430","Bagel Sandwich Fisherman's Catch","11.00","11.00",2,NA,5.5,0,0,"11.00",100,0.54,"19.09.csv",2016
"213","A10435","FB Sandwich Emmental","5.50","5.50",1,NA,5.5,0,0,"5.50",100,0.27,"19.09.csv",2016
"214","A10451","Sandwich Bauette","5.00","5.00",1,NA,5,0,0,"5.00",100,0.25,"19.09.csv",2016
"215","Total Gruppe","","2,036.40","2,036.40",278,10.446,7.33,0,0,"2,036.40",NA,100,"19.09.csv",2016
"216","A10000","Küche","8.40","8.40",3,NA,2.8,0,0,"8.40",100,0.32,"20.09.csv",2016
"217","A10001","Favorite","1,216.00","1,216.00",160,NA,7.6,0,0,"1,216.00",100,46.58,"20.09.csv",2016
"218","A10002","Green","585.00","585.00",78,NA,7.5,0,0,"585.00",100,22.41,"20.09.csv",2016
"219","A10004","Brot Stück","0.30","0.30",1,NA,0.3,0,0,"0.30",100,0.01,"20.09.csv",2016
"220","A10006","Menu Salat","7.50","7.50",5,NA,1.5,0,0,"7.50",100,0.29,"20.09.csv",2016
"221","A10014","Kitchen 4","376.00","376.00",30,NA,12.53,0,0,"376.00",100,14.4,"20.09.csv",2016
"222","A10040","Garden","368.90","368.90",45,16.016,23.03,0,0,"368.90",100,14.13,"20.09.csv",2016
"223","A10063","Frucht 1.00","4.00","4.00",4,NA,1,0,0,"4.00",100,0.15,"20.09.csv",2016
"224","A10072","Schichtjoghurt","9.00","9.00",3,NA,3,0,0,"9.00",100,0.34,"20.09.csv",2016
"225","A10073","Saisonfrüchte geschnitten","3.50","3.50",1,NA,3.5,0,0,"3.50",100,0.13,"20.09.csv",2016
"226","A10112","Maisbrötli","1.70","1.70",1,NA,1.7,0,0,"1.70",100,0.07,"20.09.csv",2016
"227","A10130","Vanillekreuz","2.40","2.40",1,NA,2.4,0,0,"2.40",100,0.09,"20.09.csv",2016
"228","A10135","Wähe","4.50","4.50",1,NA,4.5,0,0,"4.50",100,0.17,"20.09.csv",2016
"229","A10148","Fruchttörtli","2.90","2.90",1,NA,2.9,0,0,"2.90",100,0.11,"20.09.csv",2016
"230","A10200","Birchermüesli Classic","3.20","3.20",1,NA,3.2,0,0,"3.20",100,0.12,"20.09.csv",2016
"231","A10416","Sandwich Ticinese","6.00","6.00",1,NA,6,0,0,"6.00",100,0.23,"20.09.csv",2016
"232","A10430","Bagel Sandwich Fisherman's Catch","5.50","5.50",1,NA,5.5,0,0,"5.50",100,0.21,"20.09.csv",2016
"233","A10452","Crispy Chicken","6.00","6.00",1,NA,6,0,0,"6.00",100,0.23,"20.09.csv",2016
"234","Total Gruppe","","2,610.80","2,610.80",338,16.016,7.72,0,0,"2,610.80",NA,100,"20.09.csv",2016
"235","A10000","Küche","16.30","16.30",5,NA,3.26,0,0,"16.30",100,0.73,"21.09.csv",2016
"236","A10001","Favorite","852.00","852.00",111,NA,7.68,0,0,"852.00",100,38.4,"21.09.csv",2016
"237","A10002","Green","667.00","667.00",87,NA,7.67,0,0,"667.00",100,30.06,"21.09.csv",2016
"238","A10004","Brot Stück","0.30","0.30",1,NA,0.3,0,0,"0.30",100,0.01,"21.09.csv",2016
"239","A10006","Menu Salat","19.50","19.50",13,NA,1.5,0,0,"19.50",100,0.88,"21.09.csv",2016
"240","A10014","Kitchen 4","303.00","303.00",24,NA,12.63,0,0,"303.00",100,13.66,"21.09.csv",2016
"241","A10040","Garden","285.10","285.10",36,12.35,23.09,0,0,"285.10",100,12.85,"21.09.csv",2016
"242","A10063","Frucht 1.00","2.00","2.00",2,NA,1,0,0,"2.00",100,0.09,"21.09.csv",2016
"243","A10072","Schichtjoghurt","10.00","10.00",3,NA,3.33,0,0,"10.00",100,0.45,"21.09.csv",2016
"244","A10108","Laugenbrezel mit Butter","2.20","2.20",1,NA,2.2,0,0,"2.20",100,0.1,"21.09.csv",2016
"245","A10128","Aprikosenjalousie","2.40","2.40",1,NA,2.4,0,0,"2.40",100,0.11,"21.09.csv",2016
"246","A10135","Wähe","4.50","4.50",1,NA,4.5,0,0,"4.50",100,0.2,"21.09.csv",2016
"247","A10200","Birchermüesli Classic","9.60","9.60",3,NA,3.2,0,0,"9.60",100,0.43,"21.09.csv",2016
"248","A10410","Sandwich Milano","4.00","4.00",1,NA,4,0,0,"4.00",100,0.18,"21.09.csv",2016
"249","A10413","Sandwich Start Your Day","4.50","4.50",1,NA,4.5,0,0,"4.50",100,0.2,"21.09.csv",2016
"250","A10416","Sandwich Ticinese","6.50","6.50",1,NA,6.5,0,0,"6.50",100,0.29,"21.09.csv",2016
"251","A10417","Sandwich Softie","8.50","8.50",2,NA,4.25,0,0,"8.50",100,0.38,"21.09.csv",2016
"252","A10450","Sandwich Laugenkaiser","4.00","4.00",1,NA,4,0,0,"4.00",100,0.18,"21.09.csv",2016
"253","A10451","Sandwich Bauette","5.50","5.50",1,NA,5.5,0,0,"5.50",100,0.25,"21.09.csv",2016
"254","A10452","Crispy Chicken","12.00","12.00",2,NA,6,0,0,"12.00",100,0.54,"21.09.csv",2016
"255","Total Gruppe","","2,218.90","2,218.90",297,12.35,7.47,0,0,"2,218.90",NA,100,"21.09.csv",2016
"256","A10001","Favorite","870.00","870.00",109,NA,7.98,0,0,"870.00",100,44.37,"22.09.csv",2016
"257","A10002","Green","449.00","449.00",58,NA,7.74,0,0,"449.00",100,22.9,"22.09.csv",2016
"258","A10004","Brot Stück","0.60","0.60",2,NA,0.3,0,0,"0.60",100,0.03,"22.09.csv",2016
"259","A10006","Menu Salat","24.00","24.00",16,NA,1.5,0,0,"24.00",100,1.22,"22.09.csv",2016
"260","A10014","Kitchen 4","219.00","219.00",17,NA,12.88,0,0,"219.00",100,11.17,"22.09.csv",2016
"261","A10040","Garden","340.20","340.20",44,14.72,23.11,0,0,"340.20",100,17.35,"22.09.csv",2016
"262","A10063","Frucht 1.00","1.00","1.00",1,NA,1,0,0,"1.00",100,0.05,"22.09.csv",2016
"263","A10121","Mandelschnecke ","2.90","2.90",1,NA,2.9,0,0,"2.90",100,0.15,"22.09.csv",2016
"264","A10122","Nussbrille","2.40","2.40",1,NA,2.4,0,0,"2.40",100,0.12,"22.09.csv",2016
"265","A10126","Apfel im Schlafrock","2.40","2.40",1,NA,2.4,0,0,"2.40",100,0.12,"22.09.csv",2016
"266","A10135","Wähe","4.50","4.50",1,NA,4.5,0,0,"4.50",100,0.23,"22.09.csv",2016
"267","A10148","Fruchttörtli","4.80","4.80",2,NA,2.4,0,0,"4.80",100,0.24,"22.09.csv",2016
"268","A10164","Hausgemachter Kuchen","2.50","2.50",1,NA,2.5,0,0,"2.50",100,0.13,"22.09.csv",2016
"269","A10200","Birchermüesli Classic","10.10","10.10",3,NA,3.37,0,0,"10.10",100,0.52,"22.09.csv",2016
"270","A10415","Sandwich Turkey","5.50","5.50",1,NA,5.5,0,0,"5.50",100,0.28,"22.09.csv",2016
"271","A10416","Sandwich Ticinese","6.00","6.00",1,NA,6,0,0,"6.00",100,0.31,"22.09.csv",2016
"272","A10451","Sandwich Bauette","10.00","10.00",2,NA,5,0,0,"10.00",100,0.51,"22.09.csv",2016
"273","A10452","Crispy Chicken","6.00","6.00",1,NA,6,0,0,"6.00",100,0.31,"22.09.csv",2016
"274","Total Gruppe","","1,960.90","1,960.90",262,14.72,7.48,0,0,"1,960.90",NA,100,"22.09.csv",2016
"275","A10000","Küche","40.00","40.00",7,NA,5.71,0,0,"40.00",100,2.14,"23.09.csv",2016
"276","A10001","Favorite","1,015.00","1,015.00",132,NA,7.69,0,0,"1,015.00",100,54.24,"23.09.csv",2016
"277","A10002","Green","372.00","372.00",51,NA,7.29,0,0,"372.00",100,19.88,"23.09.csv",2016
"278","A10004","Brot Stück","0.30","0.30",1,NA,0.3,0,0,"0.30",100,0.02,"23.09.csv",2016
"279","A10006","Menu Salat","7.00","7.00",4,NA,1.75,0,0,"7.00",100,0.37,"23.09.csv",2016
"280","A10014","Kitchen 4","167.00","167.00",13,NA,12.85,0,0,"167.00",100,8.92,"23.09.csv",2016
"281","A10040","Garden","196.10","196.10",24,8.488,23.1,0,0,"196.10",100,10.48,"23.09.csv",2016
"282","A10063","Frucht 1.00","4.00","4.00",4,NA,1,0,0,"4.00",100,0.21,"23.09.csv",2016
"283","A10073","Saisonfrüchte geschnitten","3.50","3.50",1,NA,3.5,0,0,"3.50",100,0.19,"23.09.csv",2016
"284","A10110","Sonnenblumenbrötli","3.40","3.40",2,NA,1.7,0,0,"3.40",100,0.18,"23.09.csv",2016
"285","A10130","Vanillekreuz","2.40","2.40",1,NA,2.4,0,0,"2.40",100,0.13,"23.09.csv",2016
"286","A10135","Wähe","4.50","4.50",1,NA,4.5,0,0,"4.50",100,0.24,"23.09.csv",2016
"287","A10164","Hausgemachter Kuchen","5.00","5.00",2,NA,2.5,0,0,"5.00",100,0.27,"23.09.csv",2016
"288","A10200","Birchermüesli Classic","3.20","3.20",1,NA,3.2,0,0,"3.20",100,0.17,"23.09.csv",2016
"289","A10409","Sandwich Appenzell","5.50","5.50",1,NA,5.5,0,0,"5.50",100,0.29,"23.09.csv",2016
"290","A10411","Sandwich Power Ham","4.00","4.00",1,NA,4,0,0,"4.00",100,0.21,"23.09.csv",2016
"291","A10413","Sandwich Start Your Day","4.50","4.50",1,NA,4.5,0,0,"4.50",100,0.24,"23.09.csv",2016
"292","A10416","Sandwich Ticinese","6.00","6.00",1,NA,6,0,0,"6.00",100,0.32,"23.09.csv",2016
"293","A10417","Sandwich Softie","4.00","4.00",1,NA,4,0,0,"4.00",100,0.21,"23.09.csv",2016
"294","A10450","Sandwich Laugenkaiser","8.00","8.00",2,NA,4,0,0,"8.00",100,0.43,"23.09.csv",2016
"295","A10451","Sandwich Bauette","5.00","5.00",1,NA,5,0,0,"5.00",100,0.27,"23.09.csv",2016
"296","A10452","Crispy Chicken","6.00","6.00",1,NA,6,0,0,"6.00",100,0.32,"23.09.csv",2016
"297","L19100","Patisserie offen","5.00","5.00",1,NA,5,0,0,"5.00",100,0.27,"23.09.csv",2016
"298","Total Gruppe","","1,871.40","1,871.40",254,8.488,7.37,0,0,"1,871.40",NA,100,"23.09.csv",2016
"299","A10001","Favorite","1,216.00","1,216.00",154,NA,7.9,0,0,"1,216.00",100,66.66,"26.09.csv",2016
"300","A10002","Green","308.00","308.00",41,NA,7.51,0,0,"308.00",100,16.88,"26.09.csv",2016
"301","A10004","Brot Stück","0.30","0.30",1,NA,0.3,0,0,"0.30",100,0.02,"26.09.csv",2016
"302","A10006","Menu Salat","18.00","18.00",12,NA,1.5,0,0,"18.00",100,0.99,"26.09.csv",2016
"303","A10040","Garden","219.30","219.30",28,9.542,22.98,0,0,"219.30",100,12.02,"26.09.csv",2016
"304","A10072","Schichtjoghurt","3.00","3.00",1,NA,3,0,0,"3.00",100,0.16,"26.09.csv",2016
"305","A10101","Ragusa-Gipfel ","2.40","2.40",1,NA,2.4,0,0,"2.40",100,0.13,"26.09.csv",2016
"306","A10103","Vanille-Gipfel","2.40","2.40",1,NA,2.4,0,0,"2.40",100,0.13,"26.09.csv",2016
"307","A10121","Mandelschnecke ","4.80","4.80",2,NA,2.4,0,0,"4.80",100,0.26,"26.09.csv",2016
"308","A10128","Aprikosenjalousie","2.40","2.40",1,NA,2.4,0,0,"2.40",100,0.13,"26.09.csv",2016
"309","A10130","Vanillekreuz","4.80","4.80",2,NA,2.4,0,0,"4.80",100,0.26,"26.09.csv",2016
"310","A10135","Wähe","4.50","4.50",1,NA,4.5,0,0,"4.50",100,0.25,"26.09.csv",2016
"311","A10139","Zitronencake-Schnitte 100g verpackt","2.40","2.40",1,NA,2.4,0,0,"2.40",100,0.13,"26.09.csv",2016
"312","A10164","Hausgemachter Kuchen","5.00","5.00",2,NA,2.5,0,0,"5.00",100,0.27,"26.09.csv",2016
"313","A10200","Birchermüesli Classic","6.40","6.40",2,NA,3.2,0,0,"6.40",100,0.35,"26.09.csv",2016
"314","A10409","Sandwich Appenzell","11.00","11.00",2,NA,5.5,0,0,"11.00",100,0.6,"26.09.csv",2016
"315","A10410","Sandwich Milano","4.00","4.00",1,NA,4,0,0,"4.00",100,0.22,"26.09.csv",2016
"316","A10413","Sandwich Start Your Day","4.50","4.50",1,NA,4.5,0,0,"4.50",100,0.25,"26.09.csv",2016
"317","A10451","Sandwich Bauette","5.00","5.00",1,NA,5,0,0,"5.00",100,0.27,"26.09.csv",2016
"318","Total Gruppe","","1,824.20","1,824.20",255,9.542,7.15,0,0,"1,824.20",NA,100,"26.09.csv",2016
"319","A10000","Küche","352.10","352.10",40,NA,8.8,0,0,"352.10",100,14.36,"27.09.csv",2016
"320","A10001","Favorite","910.00","910.00",114,NA,7.98,0,0,"910.00",100,37.1,"27.09.csv",2016
"321","A10002","Green","646.00","646.00",82,NA,7.88,0,0,"646.00",100,26.34,"27.09.csv",2016
"322","A10006","Menu Salat","9.00","9.00",6,NA,1.5,0,0,"9.00",100,0.37,"27.09.csv",2016
"323","A10040","Garden","278.30","278.30",35,12.096,23.01,0,0,"278.30",100,11.35,"27.09.csv",2016
"324","A10063","Frucht 1.00","38.00","38.00",38,NA,1,0,0,"38.00",100,1.55,"27.09.csv",2016
"325","A10072","Schichtjoghurt","3.00","3.00",1,NA,3,0,0,"3.00",100,0.12,"27.09.csv",2016
"326","A10100","Gipfel","30.00","30.00",20,NA,1.5,0,0,"30.00",100,1.22,"27.09.csv",2016
"327","A10101","Ragusa-Gipfel ","4.80","4.80",2,NA,2.4,0,0,"4.80",100,0.2,"27.09.csv",2016
"328","A10112","Maisbrötli","41.60","41.60",22,NA,1.89,0,0,"41.60",100,1.7,"27.09.csv",2016
"329","A10116","Semmel ","20.80","20.80",13,NA,1.6,0,0,"20.80",100,0.85,"27.09.csv",2016
"330","A10122","Nussbrille","2.40","2.40",1,NA,2.4,0,0,"2.40",100,0.1,"27.09.csv",2016
"331","A10148","Fruchttörtli","4.80","4.80",2,NA,2.4,0,0,"4.80",100,0.2,"27.09.csv",2016
"332","A10200","Birchermüesli Classic","13.30","13.30",4,NA,3.33,0,0,"13.30",100,0.54,"27.09.csv",2016
"333","A10409","Sandwich Appenzell","5.50","5.50",1,NA,5.5,0,0,"5.50",100,0.22,"27.09.csv",2016
"334","A10410","Sandwich Milano","4.00","4.00",1,NA,4,0,0,"4.00",100,0.16,"27.09.csv",2016
"335","A10411","Sandwich Power Ham","4.00","4.00",1,NA,4,0,0,"4.00",100,0.16,"27.09.csv",2016
"336","A10413","Sandwich Start Your Day","4.50","4.50",1,NA,4.5,0,0,"4.50",100,0.18,"27.09.csv",2016
"337","A10417","Sandwich Softie","4.00","4.00",1,NA,4,0,0,"4.00",100,0.16,"27.09.csv",2016
"338","A10451","Sandwich Bauette","10.50","10.50",2,NA,5.25,0,0,"10.50",100,0.43,"27.09.csv",2016
"339","A10452","Crispy Chicken","6.00","6.00",1,NA,6,0,0,"6.00",100,0.24,"27.09.csv",2016
"340","L18006","Käseplatte 800g","32.00","32.00",1,NA,32,0,0,"32.00",100,1.3,"27.09.csv",2016
"341","L18007","Aufschnitt- / Wurstplatte 800g","28.00","28.00",1,NA,28,0,0,"28.00",100,1.14,"27.09.csv",2016
"342","Total Gruppe","","2,452.60","2,452.60",390,12.096,6.29,0,0,"2,452.60",NA,100,"27.09.csv",2016
"343","A10000","Küche","29.10","29.10",4,NA,7.28,0,0,"29.10",100,1.48,"28.09.csv",2016
"344","A10001","Favorite","781.00","781.00",100,NA,7.81,0,0,"781.00",100,39.81,"28.09.csv",2016
"345","A10002","Green","790.00","790.00",103,NA,7.67,0,0,"790.00",100,40.27,"28.09.csv",2016
"346","A10004","Brot Stück","1.20","1.20",4,NA,0.3,0,0,"1.20",100,0.06,"28.09.csv",2016
"347","A10006","Menu Salat","14.50","14.50",9,NA,1.61,0,0,"14.50",100,0.74,"28.09.csv",2016
"348","A10014","Kitchen 4","64.00","64.00",5,NA,12.8,0,0,"64.00",100,3.26,"28.09.csv",2016
"349","A10040","Garden","220.10","220.10",27,9.558,23.03,0,0,"220.10",100,11.22,"28.09.csv",2016
"350","A10063","Frucht 1.00","1.00","1.00",1,NA,1,0,0,"1.00",100,0.05,"28.09.csv",2016
"351","A10072","Schichtjoghurt","6.00","6.00",2,NA,3,0,0,"6.00",100,0.31,"28.09.csv",2016
"352","A10073","Saisonfrüchte geschnitten","3.50","3.50",1,NA,3.5,0,0,"3.50",100,0.18,"28.09.csv",2016
"353","A10108","Laugenbrezel mit Butter","2.20","2.20",1,NA,2.2,0,0,"2.20",100,0.11,"28.09.csv",2016
"354","A10124","Kirschenstange","2.40","2.40",1,NA,2.4,0,0,"2.40",100,0.12,"28.09.csv",2016
"355","A10128","Aprikosenjalousie","2.40","2.40",1,NA,2.4,0,0,"2.40",100,0.12,"28.09.csv",2016
"356","A10135","Wähe","4.50","4.50",1,NA,4.5,0,0,"4.50",100,0.23,"28.09.csv",2016
"357","A10139","Zitronencake-Schnitte 100g verpackt","4.80","4.80",2,NA,2.4,0,0,"4.80",100,0.24,"28.09.csv",2016
"358","A10144","Trockengebäck 100g verpackt","4.40","4.40",2,NA,2.2,0,0,"4.40",100,0.22,"28.09.csv",2016
"359","A10200","Birchermüesli Classic","12.80","12.80",4,NA,3.2,0,0,"12.80",100,0.65,"28.09.csv",2016
"360","A10409","Sandwich Appenzell","5.50","5.50",1,NA,5.5,0,0,"5.50",100,0.28,"28.09.csv",2016
"361","A10410","Sandwich Milano","4.00","4.00",1,NA,4,0,0,"4.00",100,0.2,"28.09.csv",2016
"362","A10413","Sandwich Start Your Day","4.50","4.50",1,NA,4.5,0,0,"4.50",100,0.23,"28.09.csv",2016
"363","A10450","Sandwich Laugenkaiser","4.00","4.00",1,NA,4,0,0,"4.00",100,0.2,"28.09.csv",2016
"364","Total Gruppe","","1,961.90","1,961.90",272,9.558,7.21,0,0,"1,961.90",NA,100,"28.09.csv",2016
"365","A10000","Küche","13.30","13.30",2,NA,6.65,0,0,"13.30",100,0.66,"29.09.csv",2016
"366","A10001","Favorite","655.00","655.00",81,NA,8.09,0,0,"655.00",100,32.39,"29.09.csv",2016
"367","A10002","Green","817.00","817.00",105,NA,7.78,0,0,"817.00",100,40.4,"29.09.csv",2016
"368","A10004","Brot Stück","0.30","0.30",1,NA,0.3,0,0,"0.30",100,0.01,"29.09.csv",2016
"369","A10006","Menu Salat","7.50","7.50",5,NA,1.5,0,0,"7.50",100,0.37,"29.09.csv",2016
"370","A10007","Senf Mayo Ketschup","0.50","0.50",1,NA,0.5,0,0,"0.50",100,0.02,"29.09.csv",2016
"371","A10014","Kitchen 4","220.00","220.00",17,NA,12.94,0,0,"220.00",100,10.88,"29.09.csv",2016
"372","A10040","Garden","256.10","256.10",28,11.078,23.12,0,0,"256.10",100,12.66,"29.09.csv",2016
"373","A10072","Schichtjoghurt","6.00","6.00",2,NA,3,0,0,"6.00",100,0.3,"29.09.csv",2016
"374","A10123","Russenzöpfli","2.40","2.40",1,NA,2.4,0,0,"2.40",100,0.12,"29.09.csv",2016
"375","A10135","Wähe","13.50","13.50",3,NA,4.5,0,0,"13.50",100,0.67,"29.09.csv",2016
"376","A10139","Zitronencake-Schnitte 100g verpackt","7.20","7.20",3,NA,2.4,0,0,"7.20",100,0.36,"29.09.csv",2016
"377","A10200","Birchermüesli Classic","3.20","3.20",1,NA,3.2,0,0,"3.20",100,0.16,"29.09.csv",2016
"378","A10410","Sandwich Milano","4.00","4.00",1,NA,4,0,0,"4.00",100,0.2,"29.09.csv",2016
"379","A10411","Sandwich Power Ham","4.00","4.00",1,NA,4,0,0,"4.00",100,0.2,"29.09.csv",2016
"380","A10413","Sandwich Start Your Day","4.50","4.50",1,NA,4.5,0,0,"4.50",100,0.22,"29.09.csv",2016
"381","A10417","Sandwich Softie","4.00","4.00",1,NA,4,0,0,"4.00",100,0.2,"29.09.csv",2016
"382","A10450","Sandwich Laugenkaiser","4.00","4.00",1,NA,4,0,0,"4.00",100,0.2,"29.09.csv",2016
"383","Total Gruppe","","2,022.50","2,022.50",255,11.078,7.93,0,0,"2,022.50",NA,100,"29.09.csv",2016
"384","A10000","Küche","10,190.00","10,190.00",4,NA,9.68,0,0,"10,190.00",100,83.28,"30.09.csv",2016
"385","A10001","Favorite","955.00","955.00",5,NA,7.76,0,0,"955.00",100,7.8,"30.09.csv",2016
"386","A10002","Green","438.00","438.00",12,NA,7.68,0,0,"438.00",100,3.58,"30.09.csv",2016
"387","A10006","Menu Salat","25.00","25.00",7,NA,1.56,0,0,"25.00",100,0.2,"30.09.csv",2016
"388","A10014","Kitchen 4","237.00","237.00",8,NA,13.17,0,0,"237.00",100,1.94,"30.09.csv",2016
"389","A10040","Garden","334.70","334.70",11,14.476,23.12,0,0,"334.70",100,2.74,"30.09.csv",2016
"390","A10063","Frucht 1.00","3.00","3.00",10,NA,1,0,0,"3.00",100,0.02,"30.09.csv",2016
"391","A10072","Schichtjoghurt","3.00","3.00",2,NA,3,0,0,"3.00",100,0.02,"30.09.csv",2016
"392","A10073","Saisonfrüchte geschnitten","3.50","3.50",2,NA,3.5,0,0,"3.50",100,0.03,"30.09.csv",2016
"393","A10108","Laugenbrezel mit Butter","2.20","2.20",2,NA,2.2,0,0,"2.20",100,0.02,"30.09.csv",2016
"394","A10120","Mandelbrezel ","2.40","2.40",2,NA,2.4,0,0,"2.40",100,0.02,"30.09.csv",2016
"395","A10127","Aprikosenplunder","4.80","4.80",9,NA,2.4,0,0,"4.80",100,0.04,"30.09.csv",2016
"396","A10128","Aprikosenjalousie","2.40","2.40",2,NA,2.4,0,0,"2.40",100,0.02,"30.09.csv",2016
"397","A10200","Birchermüesli Classic","26.60","26.60",13,NA,3.33,0,0,"26.60",100,0.22,"30.09.csv",2016
"398","A10410","Sandwich Milano","4.00","4.00",2,NA,4,0,0,"4.00",100,0.03,"30.09.csv",2016
"399","A10411","Sandwich Power Ham","4.50","4.50",2,NA,4.5,0,0,"4.50",100,0.04,"30.09.csv",2016
"400","Total Gruppe","","12,236.10","12,236.10",6,14.476,9.24,0,0,"12,236.10",NA,100,"30.09.csv",2016
